{
    "max_depth": 6,
    "min_samples_split": 32,
    "accuracy": 0.85,
    "auc": 0.9011553273427471,
    "log_loss": 0.37357702460346687,
    "recall": 0.7368421052631579
}